,Individual,Position,Mutation,BadReads
0,CY0320,1309.0,0.16414062500000007,6.9401266328125
1,CY0320,1436.7536231884058,0.35039062499999996,7.716727437499995
2,CY0320,1564.5072463768115,0.16863281250000015,3.3157043308593757
3,CY0320,1692.2608695652175,0.14488281249999999,4.0818083402343746
4,CY0320,1820.0144927536232,0.1418897637795276,3.300152786614174
5,CY0320,1947.768115942029,0.11863281250000007,1.9020915628906234
6,CY0320,2075.521739130435,0.6051562499999994,3.8653067578125
7,CY0320,2203.2753623188405,0.6475781249999987,2.993052058593751
8,CY0320,2331.0289855072465,0.18282352941176477,6.3349006666666625
9,CY0320,2458.782608695652,0.9787692307692303,3.910043765384614
10,CY0320,2586.536231884058,0.16403100775193796,5.792980441860464
11,CY0320,2714.289855072464,0.2220463320463323,2.311942065250964
12,CY0320,2842.0434782608695,0.17444881889763783,3.280244437795275
13,CY0320,2969.797101449275,0.16394531249999997,5.672661482421871
14,CY0320,3097.550724637681,0.27812500000000034,5.616642662500001
15,CY0320,3225.304347826087,0.1878906249999999,7.135260076953127
16,CY0320,3353.057971014493,0.35153543307086593,4.020021477559054
17,CY0320,3480.8115942028985,0.15402343750000008,2.9405190058593753
18,CY0320,3608.5652173913045,0.19207031249999987,1.5596409265624993
19,CY0320,3736.31884057971,0.17015624999999995,4.390660379296876
20,CY0320,3864.072463768116,0.19519685039370083,5.514240151181094
21,CY0320,3991.8260869565215,0.18843749999999984,3.1433069320312503
22,CY0320,4119.579710144928,0.25269531250000005,3.8391236593750007
23,CY0320,4247.333333333334,0.18824218749999982,2.2566117222656255
24,CY0320,4375.086956521739,0.17228346456692906,4.682146356299212
25,CY0320,4502.840579710145,0.14234375000000002,2.1287686394531256
26,CY0320,4630.59420289855,0.19269531250000005,3.0093863273437482
27,CY0320,4758.347826086956,0.17230468750000008,2.447729292968751
28,CY0320,4886.101449275362,0.15755905511811022,4.188021149606299
29,CY0320,5013.855072463768,0.18875000000000017,1.5788944773437488
30,CY0320,5141.608695652174,0.17445312500000001,3.6477647207031243
31,CY0320,5269.36231884058,0.13984375000000013,3.835206306249999
32,CY0320,5397.115942028986,0.15460629921259844,5.4837199696850405
33,CY0320,5524.869565217391,0.13743190661478602,2.5449546789883266
34,CY0320,5652.623188405797,0.11890625000000002,3.390490675781249
35,CY0320,5780.376811594203,0.1411718749999999,3.8679722929687497
36,CY0320,5908.130434782609,0.15149606299212592,2.8710047535433048
37,CY0320,6035.884057971014,0.15621093749999992,1.7825613121093744
38,CY0320,6163.63768115942,0.14759689922480612,3.1219208058139523
39,CY0320,6291.391304347826,0.1533203124999999,7.056821732421878
40,CY0320,6419.144927536232,0.18413385826771653,4.0160300937007865
41,CY0320,6546.898550724638,1.218158844765343,3.2687699209386296
42,CY0320,6674.652173913043,0.18957198443579762,5.1531167
43,CY0320,6802.405797101449,0.1986872586872585,3.4261951150579146
44,CY0320,6930.159420289855,0.5490157480314964,2.479298823228347
45,CY0320,7057.913043478261,0.39675781249999953,2.4748383925781243
46,CY0320,7185.666666666667,0.19246093750000023,3.132903716015627
47,CY0320,7313.420289855072,0.2082421875000001,5.0701402132812525
48,CY0320,7441.173913043478,0.6525984251968504,1.433947831102363
49,CY0320,7568.927536231884,0.16062499999999968,1.6148012445312507
50,CY0320,7696.68115942029,0.20941406249999972,2.7217306097656246
51,CY0320,7824.434782608696,0.19410156250000002,2.9455317812499993
52,CY0320,7952.188405797101,0.20188976377952764,2.334658173622048
53,CY0320,8079.942028985507,0.19812500000000005,4.176236520703129
54,CY0320,8207.695652173912,0.1822265624999999,2.0837746089843776
55,CY0320,8335.44927536232,0.20273437500000008,4.821206915624999
56,CY0320,8463.202898550724,0.1528740157480318,1.5063722511811026
57,CY0320,8590.95652173913,0.16343749999999985,1.9538643695312508
58,CY0320,8718.710144927536,0.18199218749999968,2.420692651953125
59,CY0320,8846.463768115942,0.2008984374999996,1.696621815625
60,CY0320,8974.217391304348,0.15787401574803162,3.5761984716535435
61,CY0320,9101.971014492754,0.2924045801526714,1.9460410400763366
62,CY0320,9229.72463768116,1.047300380228137,1.5455315045627378
63,CY0320,9357.478260869564,0.6004545454545461,2.3055571469696963
64,CY0320,9485.231884057972,1.0531889763779523,4.781321371259844
65,CY0320,9612.985507246376,0.9572656249999996,5.07673243125
66,CY0320,9740.739130434782,0.17789062500000014,2.413571678515625
67,CY0320,9868.492753623188,0.6896923076923074,2.082689098846154
68,CY0320,9996.246376811594,0.6077254901960785,2.0965377098039206
69,CY0320,10124.0,0.0,5.863585
70,CY0321,1309.0,0.30140625000000026,6.530543624999999
71,CY0321,1436.7536231884058,0.3105468750000002,7.690414118359375
72,CY0321,1564.5072463768115,0.1504296874999999,3.25015274453125
73,CY0321,1692.2608695652175,0.14402343750000005,3.9151282351562493
74,CY0321,1820.0144927536232,0.12374015748031483,3.031952048818897
75,CY0321,1947.768115942029,0.13097656250000003,2.247138594531249
76,CY0321,2075.521739130435,0.15761718750000006,5.209821417187503
77,CY0321,2203.2753623188405,0.11460937500000005,3.821143990234375
78,CY0321,2331.0289855072465,0.12188976377952758,6.646004027559058
79,CY0321,2458.782608695652,1.0342145593869738,4.810249812260538
80,CY0321,2586.536231884058,0.6168846153846156,6.052265411538465
81,CY0321,2714.289855072464,0.26198443579766495,2.536090164202334
82,CY0321,2842.0434782608695,0.17472440944881898,3.862395342125985
83,CY0321,2969.797101449275,0.17347656249999993,6.486882736718749
84,CY0321,3097.550724637681,0.153359375,6.1578172808593745
85,CY0321,3225.304347826087,0.5214453124999999,7.553904102734373
86,CY0321,3353.057971014493,0.33137795275590537,3.9309591039370058
87,CY0321,3480.8115942028985,0.11894531250000008,3.259686982812501
88,CY0321,3608.5652173913045,0.12359374999999992,1.7722557695312497
89,CY0321,3736.31884057971,0.11359375000000002,5.2795443734375
90,CY0321,3864.072463768116,0.17307086614173223,5.561622874803149
91,CY0321,3991.8260869565215,0.16687499999999997,3.0180410664062487
92,CY0321,4119.579710144928,0.5114062499999996,4.183042548046874
93,CY0321,4247.333333333334,0.1268359375,2.5952166085937485
94,CY0321,4375.086956521739,0.11562992125984252,4.870724272834647
95,CY0321,4502.840579710145,0.1451953125000001,2.220587798046875
96,CY0321,4630.59420289855,0.10972656250000011,3.276069717968749
97,CY0321,4758.347826086956,0.15339843750000004,2.5175662203125
98,CY0321,4886.101449275362,0.12114173228346453,3.731202596850392
99,CY0321,5013.855072463768,0.1346874999999999,1.8042015218749998
100,CY0321,5141.608695652174,0.14035156250000003,4.281461552343748
101,CY0321,5269.36231884058,0.1241796874999999,3.7520019976562486
102,CY0321,5397.115942028986,0.17212598425196848,5.552774546062993
103,CY0321,5524.869565217391,0.08953124999999994,2.702958191406251
104,CY0321,5652.623188405797,0.4952734375,3.945512576171876
105,CY0321,5780.376811594203,0.11253906250000001,3.928153520312501
106,CY0321,5908.130434782609,0.12930735930735932,3.2658142077922068
107,CY0321,6035.884057971014,0.1300775193798449,1.6163039589147286
108,CY0321,6163.63768115942,0.09976744186046509,3.190665996124032
109,CY0321,6291.391304347826,0.17562500000000006,7.355771966406252
110,CY0321,6419.144927536232,0.13433070866141728,4.297267500787401
111,CY0321,6546.898550724638,0.22507575757575754,3.7549952113636356
112,CY0321,6674.652173913043,0.15187499999999982,5.614348233593753
113,CY0321,6802.405797101449,0.16418604651162805,3.9119667968992244
114,CY0321,6930.159420289855,0.09503937007874023,3.4127336409448814
115,CY0321,7057.913043478261,0.11820312500000005,3.1996127015624998
116,CY0321,7185.666666666667,0.20476562499999998,3.617579765624999
117,CY0321,7313.420289855072,0.17445312500000001,5.26727912890625
118,CY0321,7441.173913043478,0.1205511811023622,1.4369987448818895
119,CY0321,7568.927536231884,0.14523437500000014,1.8002334617187503
120,CY0321,7696.68115942029,0.16945312500000012,3.1742984273437482
121,CY0321,7824.434782608696,0.1394531249999999,3.20863701484375
122,CY0321,7952.188405797101,0.13251968503937006,2.450701436220472
123,CY0321,8079.942028985507,0.1969531250000001,4.2437907234375
124,CY0321,8207.695652173912,0.12828124999999987,2.128144055468752
125,CY0321,8335.44927536232,0.15648437500000004,5.282590282812501
126,CY0321,8463.202898550724,0.11842519685039377,1.6774553724409451
127,CY0321,8590.95652173913,0.12484375000000009,2.2094881125000003
128,CY0321,8718.710144927536,0.12828125,2.3496692718750003
129,CY0321,8846.463768115942,0.19507812500000002,1.8699701789062493
130,CY0321,8974.217391304348,0.09070866141732287,3.8405443496063
131,CY0321,9101.971014492754,0.1372656250000001,1.7532662640625005
132,CY0321,9229.72463768116,0.11852713178294569,1.6781427620155036
133,CY0321,9357.478260869564,0.167829457364341,2.946196664341085
134,CY0321,9485.231884057972,1.1155905511811024,5.1904783503937
135,CY0321,9612.985507246376,1.1075968992248055,5.3820004007751905
136,CY0321,9740.739130434782,0.08554687500000002,2.7677982664062495
137,CY0321,9868.492753623188,0.11601562499999997,2.480509301562501
138,CY0321,9996.246376811594,0.08590551181102363,1.8234404251968503
139,CY0321,10124.0,0.0,4.0
140,CY0322,1309.0,0.20953125,6.821114071484375
141,CY0322,1436.7536231884058,0.3128125000000002,7.5336839343749995
142,CY0322,1564.5072463768115,0.20601562500000004,3.0701015867187507
143,CY0322,1692.2608695652175,0.17238281249999987,4.2147392542968785
144,CY0322,1820.0144927536232,0.24570866141732275,3.3901900503936995
145,CY0322,1947.768115942029,0.11824218749999993,2.6131415675781273
146,CY0322,2075.521739130435,0.15410156249999998,5.1144431863281286
147,CY0322,2203.2753623188405,0.1940234375000001,4.120830203906252
148,CY0322,2331.0289855072465,0.1423622047244094,6.24453833976378
149,CY0322,2458.782608695652,0.8470703124999996,5.200734774609376
150,CY0322,2586.536231884058,0.7647307692307693,6.101180321153845
151,CY0322,2714.289855072464,0.22808429118773954,2.6211269291187724
152,CY0322,2842.0434782608695,0.188313725490196,3.7928599513725505
153,CY0322,2969.797101449275,0.16707031249999996,6.355086105859376
154,CY0322,3097.550724637681,0.2576171875000001,6.752172185156249
155,CY0322,3225.304347826087,0.17742187500000003,7.719856608593749
156,CY0322,3353.057971014493,0.3768897637795274,3.8359711814960633
157,CY0322,3480.8115942028985,0.18023437499999986,3.2581897066406285
158,CY0322,3608.5652173913045,0.15480468750000004,1.9677871167968741
159,CY0322,3736.31884057971,0.5987109374999995,5.288384787500001
160,CY0322,3864.072463768116,0.239212598425197,5.430585894488188
161,CY0322,3991.8260869565215,0.1679687499999999,3.160505416796876
162,CY0322,4119.579710144928,0.13031249999999986,4.398807173437499
163,CY0322,4247.333333333334,0.18917968750000014,2.6999238222656268
164,CY0322,4375.086956521739,0.1435433070866141,4.82951547440945
165,CY0322,4502.840579710145,0.20062500000000008,2.244685254296876
166,CY0322,4630.59420289855,0.0962109375,3.2920620570312495
167,CY0322,4758.347826086956,0.12421875000000003,2.8257456773437486
168,CY0322,4886.101449275362,0.2538188976377953,3.7177717444881866
169,CY0322,5013.855072463768,0.3089062500000001,1.648172745312501
170,CY0322,5141.608695652174,0.18066406249999997,4.271652992578127
171,CY0322,5269.36231884058,0.14699218749999998,3.688816927734376
172,CY0322,5397.115942028986,0.15814960629921251,5.412161603149603
173,CY0322,5524.869565217391,0.12073359073359083,2.899053215830116
174,CY0322,5652.623188405797,0.144140625,4.1042620402343735
175,CY0322,5780.376811594203,0.13953125000000002,3.7204155777343777
176,CY0322,5908.130434782609,0.14511811023622048,2.6835241594488197
177,CY0322,6035.884057971014,0.23362934362934346,1.701618607722008
178,CY0322,6163.63768115942,0.1623255813953488,3.3309565546511655
179,CY0322,6291.391304347826,0.1374609375,7.787724007421877
180,CY0322,6419.144927536232,0.17909448818897641,4.556823518503935
181,CY0322,6546.898550724638,0.90319391634981,3.871028898859316
182,CY0322,6674.652173913043,0.23234374999999988,5.519605754296876
183,CY0322,6802.405797101449,0.20161538461538475,3.583773402307693
184,CY0322,6930.159420289855,0.4169291338582679,3.0656207598425214
185,CY0322,7057.913043478261,0.15746093749999995,3.1160507109375013
186,CY0322,7185.666666666667,0.15570312500000003,3.3283869847656256
187,CY0322,7313.420289855072,0.41109374999999987,5.144410864453123
188,CY0322,7441.173913043478,0.4051968503936999,1.2059059909448826
189,CY0322,7568.927536231884,0.13226562500000016,1.4151171589843745
190,CY0322,7696.68115942029,0.45730468750000003,3.1995020007812487
191,CY0322,7824.434782608696,0.228359375,3.0719835003906266
192,CY0322,7952.188405797101,0.12181102362204722,2.354687763385827
193,CY0322,8079.942028985507,0.20558593750000015,4.199392656640624
194,CY0322,8207.695652173912,0.19669260700389102,2.008711917120623
195,CY0322,8335.44927536232,0.15277343750000005,5.660047286328129
196,CY0322,8463.202898550724,0.20125984251968512,1.4201187078740158
197,CY0322,8590.95652173913,0.16007812500000004,2.0742635640625
198,CY0322,8718.710144927536,0.14734374999999994,2.260239100781251
199,CY0322,8846.463768115942,0.16960937500000006,1.7368330468749995
200,CY0322,8974.217391304348,0.16546874999999994,3.731944399999999
201,CY0322,9101.971014492754,1.1069433962264175,1.459336849056604
202,CY0322,9229.72463768116,1.0440151515151517,1.5639624321969703
203,CY0322,9357.478260869564,0.20800766283524902,3.027804979693485
204,CY0322,9485.231884057972,1.123671875,4.852887852734376
205,CY0322,9612.985507246376,1.4559143968871597,4.4093415252918255
206,CY0322,9740.739130434782,0.11574218749999998,2.5229413695312477
207,CY0322,9868.492753623188,0.16796874999999994,2.362181652343751
208,CY0322,9996.246376811594,0.4865354330708661,1.8566949799212604
209,CY0322,10124.0,0.0,2.69285
210,CY0324,1309.0,0.203984375,6.839774777343744
211,CY0324,1436.7536231884058,0.24371093749999992,7.418240589843754
212,CY0324,1564.5072463768115,0.16972656250000012,3.7305992148437492
213,CY0324,1692.2608695652175,0.11386718750000005,4.501451355468752
214,CY0324,1820.0144927536232,0.14570866141732286,3.9515885275590534
215,CY0324,1947.768115942029,0.1583984375,2.9175593085937517
216,CY0324,2075.521739130435,0.13554687499999998,5.157610406249999
217,CY0324,2203.2753623188405,0.16546874999999986,4.027059515625
218,CY0324,2331.0289855072465,0.17338582677165354,6.357747559055115
219,CY0324,2458.782608695652,1.2992277992277994,4.335697420849424
220,CY0324,2586.536231884058,0.2959315589353613,6.699711304182514
221,CY0324,2714.289855072464,0.32140684410646375,3.3080645437262364
222,CY0324,2842.0434782608695,0.19125984251968497,4.082923035433069
223,CY0324,2969.797101449275,0.13199218750000005,5.980140550781248
224,CY0324,3097.550724637681,0.11812499999999995,6.926924753906253
225,CY0324,3225.304347826087,0.1764453125,7.741825433593752
226,CY0324,3353.057971014493,0.2648425196850395,4.72697584645669
227,CY0324,3480.8115942028985,0.12089843750000002,3.8776555222656253
228,CY0324,3608.5652173913045,0.1476171875000001,2.4865883011718752
229,CY0324,3736.31884057971,0.14558593750000007,5.572814341015626
230,CY0324,3864.072463768116,0.2651574803149607,5.669128059842514
231,CY0324,3991.8260869565215,0.14406250000000012,3.6111174414062495
232,CY0324,4119.579710144928,0.15937500000000002,4.740394964843749
233,CY0324,4247.333333333334,0.1421875,3.1334505859374984
234,CY0324,4375.086956521739,0.23090551181102367,5.725454003937008
235,CY0324,4502.840579710145,0.134375,3.038373128906251
236,CY0324,4630.59420289855,0.14246093749999994,3.472746097656252
237,CY0324,4758.347826086956,0.25152343749999995,2.9820491874999986
238,CY0324,4886.101449275362,0.18607843137254904,4.7364543803921615
239,CY0324,5013.855072463768,0.131015625,1.93487233203125
240,CY0324,5141.608695652174,0.23902343749999982,4.567389277343749
241,CY0324,5269.36231884058,0.11105468750000004,4.681616949218749
242,CY0324,5397.115942028986,0.11543307086614177,5.947563421259839
243,CY0324,5524.869565217391,0.11496093750000004,3.586753148437501
244,CY0324,5652.623188405797,0.1621789883268482,4.34043294552529
245,CY0324,5780.376811594203,0.09714843749999999,4.618448195312499
246,CY0324,5908.130434782609,0.15488188976377953,3.633260625984253
247,CY0324,6035.884057971014,0.1397692307692307,2.465130507692308
248,CY0324,6163.63768115942,0.11035019455252924,3.772415696498054
249,CY0324,6291.391304347826,0.11347656249999998,6.718866398437502
250,CY0324,6419.144927536232,0.17665354330708669,4.424339007874015
251,CY0324,6546.898550724638,1.195551470588235,3.983578136029412
252,CY0324,6674.652173913043,0.097109375,5.244257824218753
253,CY0324,6802.405797101449,0.12463035019455256,3.9215675564202326
254,CY0324,6930.159420289855,0.25287401574803137,3.44738390944882
255,CY0324,7057.913043478261,0.10796874999999996,3.55512241796875
256,CY0324,7185.666666666667,0.18140625000000002,3.9384821406250006
257,CY0324,7313.420289855072,0.41167968750000017,5.545754015624999
258,CY0324,7441.173913043478,0.2336614173228346,1.9287560944881887
259,CY0324,7568.927536231884,0.1341406249999999,2.0800497148437493
260,CY0324,7696.68115942029,0.20910156249999984,3.325106417968752
261,CY0324,7824.434782608696,0.13535156250000008,3.373092955468749
262,CY0324,7952.188405797101,0.21929133858267694,3.1627725354330725
263,CY0324,8079.942028985507,0.1308203124999999,4.605939648046874
264,CY0324,8207.695652173912,0.12636718750000003,2.5040954675781237
265,CY0324,8335.44927536232,0.2379296875,5.376760458593755
266,CY0324,8463.202898550724,0.1275590551181102,1.8618985444881893
267,CY0324,8590.95652173913,0.14445312500000004,2.608824567187499
268,CY0324,8718.710144927536,0.13207031249999995,2.820859692187501
269,CY0324,8846.463768115942,0.18265625,2.5853584136718752
270,CY0324,8974.217391304348,0.17878906250000004,3.8706259621093766
271,CY0324,9101.971014492754,0.21375478927203076,2.27717080651341
272,CY0324,9229.72463768116,0.19395348837209314,2.1999297042635657
273,CY0324,9357.478260869564,0.28486590038314186,2.805869835249041
274,CY0324,9485.231884057972,1.0988976377952762,5.1218514015748005
275,CY0324,9612.985507246376,0.9948437499999998,5.277763153906247
276,CY0324,9740.739130434782,0.10066406250000008,2.9918661535156255
277,CY0324,9868.492753623188,0.39607003891050585,2.6704497315175098
278,CY0324,9996.246376811594,0.24673228346456683,2.7261717480314944
279,CY0324,10124.0,0.0,9.045905
280,CY0326,1309.0,0.13937500000000005,7.331545644531253
281,CY0326,1436.7536231884058,0.8348638132295717,7.829861982101164
282,CY0326,1564.5072463768115,0.16789062500000007,3.8217604683593738
283,CY0326,1692.2608695652175,0.13960937500000006,4.639622250781251
284,CY0326,1820.0144927536232,0.1437401574803151,3.632781128740157
285,CY0326,1947.768115942029,0.1416796875,2.712256437500001
286,CY0326,2075.521739130435,0.12300781249999997,4.823215691406251
287,CY0326,2203.2753623188405,0.1392578125,4.574544214843751
288,CY0326,2331.0289855072465,0.17527559055118108,6.45411739370079
289,CY0326,2458.782608695652,1.2599613899613913,5.6502918532818525
290,CY0326,2586.536231884058,0.13124031007751935,6.94436952713178
291,CY0326,2714.289855072464,0.33265384615384586,3.4916804788461553
292,CY0326,2842.0434782608695,0.17480314960629928,4.891213544881891
293,CY0326,2969.797101449275,0.12484375000000002,7.01107241328125
294,CY0326,3097.550724637681,0.13390625000000006,6.964044736718751
295,CY0326,3225.304347826087,0.19980468750000002,8.089883421875
296,CY0326,3353.057971014493,0.2577559055118111,4.478133935039372
297,CY0326,3480.8115942028985,0.13277343750000012,3.9166904281249977
298,CY0326,3608.5652173913045,0.3390234374999999,2.6222383648437475
299,CY0326,3736.31884057971,0.1103515625,6.127052137109379
300,CY0326,3864.072463768116,0.18610236220472426,5.939557748818897
301,CY0326,3991.8260869565215,0.5240234375,3.7630714777343752
302,CY0326,4119.579710144928,0.1389453124999999,5.086654511328122
303,CY0326,4247.333333333334,0.11253906249999993,3.271906336328126
304,CY0326,4375.086956521739,0.1144094488188976,5.432709244488192
305,CY0326,4502.840579710145,0.1176953125000001,3.0405655789062505
306,CY0326,4630.59420289855,0.09222656249999997,4.187234041015627
307,CY0326,4758.347826086956,0.9162109375000002,3.895411542968751
308,CY0326,4886.101449275362,0.12921259842519692,4.14476676062992
309,CY0326,5013.855072463768,0.24398437500000006,2.1158485738281234
310,CY0326,5141.608695652174,0.5298046875000001,4.623698970703126
311,CY0326,5269.36231884058,0.105859375,4.147839673437501
312,CY0326,5397.115942028986,0.16755905511811023,6.0014359795275585
313,CY0326,5524.869565217391,0.11527131782945736,3.659412251937985
314,CY0326,5652.623188405797,0.0932421875,4.575829472656252
315,CY0326,5780.376811594203,0.0949609375,4.220438675781248
316,CY0326,5908.130434782609,0.08779527559055118,3.595067248031497
317,CY0326,6035.884057971014,0.14868725868725868,1.9798135984555978
318,CY0326,6163.63768115942,0.10722656249999994,3.5463986640624974
319,CY0326,6291.391304347826,0.13684824902723736,7.263592607003889
320,CY0326,6419.144927536232,0.1301968503937008,4.660919465748034
321,CY0326,6546.898550724638,0.08589843750000001,4.080610974999999
322,CY0326,6674.652173913043,0.5595703125,5.860691714062501
323,CY0326,6802.405797101449,0.19311538461538466,4.40764607923077
324,CY0326,6930.159420289855,0.4903543307086614,3.75044523543307
325,CY0326,7057.913043478261,0.10332031250000002,3.9228126886718724
326,CY0326,7185.666666666667,0.14414062500000013,4.2504469324218785
327,CY0326,7313.420289855072,1.0132812499999997,5.5685919390625
328,CY0326,7441.173913043478,0.12381889763779526,1.9725478854330707
329,CY0326,7568.927536231884,0.12621093750000006,1.9120240878906245
330,CY0326,7696.68115942029,0.11347656250000006,3.708967219531248
331,CY0326,7824.434782608696,0.12777343750000003,3.631642262499998
332,CY0326,7952.188405797101,0.11559055118110212,2.973344347637794
333,CY0326,8079.942028985507,0.1633984374999997,4.607449880468748
334,CY0326,8207.695652173912,0.13890624999999995,2.387855692578124
335,CY0326,8335.44927536232,0.1659375,5.66875175976562
336,CY0326,8463.202898550724,0.16779527559055113,2.099586322440945
337,CY0326,8590.95652173913,0.14867187500000006,2.8189877066406246
338,CY0326,8718.710144927536,0.16609375,3.1881202007812486
339,CY0326,8846.463768115942,0.14734374999999988,2.594570054296875
340,CY0326,8974.217391304348,0.9792187500000001,4.123264426953126
341,CY0326,9101.971014492754,3.0921509433962235,1.6112302305660369
342,CY0326,9229.72463768116,0.22907335907335913,1.7914312976833977
343,CY0326,9357.478260869564,0.26795366795366793,3.3460579652509654
344,CY0326,9485.231884057972,0.978110236220472,5.40517569606299
345,CY0326,9612.985507246376,1.1147470817120628,4.979200627626461
346,CY0326,9740.739130434782,0.15375000000000005,3.114265560546876
347,CY0326,9868.492753623188,0.14875000000000005,2.978211210546875
348,CY0326,9996.246376811594,0.12870078740157478,2.3311665551181093
349,CY0326,10124.0,0.825,4.342075
350,CY0327,1309.0,0.2559765625,7.802708273437502
351,CY0327,1436.7536231884058,1.371937984496123,7.822159699999998
352,CY0327,1564.5072463768115,0.14925781250000006,3.8183974972656243
353,CY0327,1692.2608695652175,0.11503906249999997,4.530790075000001
354,CY0327,1820.0144927536232,0.12944881889763774,4.025587238582678
355,CY0327,1947.768115942029,0.09777343749999998,2.804513457421875
356,CY0327,2075.521739130435,0.12492187500000003,5.280027745312502
357,CY0327,2203.2753623188405,0.13117187500000002,4.736051878906252
358,CY0327,2331.0289855072465,0.1268110236220472,6.889104228346458
359,CY0327,2458.782608695652,0.8493893129770992,4.966164793893132
360,CY0327,2586.536231884058,0.2686538461538462,6.946754515384614
361,CY0327,2714.289855072464,0.15742307692307714,3.4311840653846137
362,CY0327,2842.0434782608695,0.1390551181102361,4.740790448818895
363,CY0327,2969.797101449275,0.17285156250000008,6.874219248828126
364,CY0327,3097.550724637681,0.22316406250000018,7.070713092578122
365,CY0327,3225.304347826087,0.16546875000000005,7.869036293359378
366,CY0327,3353.057971014493,0.2839763779527557,4.412198073622052
367,CY0327,3480.8115942028985,0.16332031249999998,4.3579882144531235
368,CY0327,3608.5652173913045,0.4157198443579772,2.646840454085603
369,CY0327,3736.31884057971,0.1387109374999999,5.989740295312501
370,CY0327,3864.072463768116,0.2132283464566928,5.825732240944881
371,CY0327,3991.8260869565215,0.17019531250000017,3.6746827625000025
372,CY0327,4119.579710144928,0.16351562499999997,5.662801672656252
373,CY0327,4247.333333333334,0.1783593750000002,3.5128906226562493
374,CY0327,4375.086956521739,0.13925196850393692,5.600172639763781
375,CY0327,4502.840579710145,0.4278124999999993,2.690967486328124
376,CY0327,4630.59420289855,0.1843359375000001,4.402814592187503
377,CY0327,4758.347826086956,0.3683203124999997,3.4211192058593745
378,CY0327,4886.101449275362,0.20181102362204725,4.689276709055117
379,CY0327,5013.855072463768,0.12222656250000002,2.150775986718749
380,CY0327,5141.608695652174,0.12101562499999986,4.5435786574218735
381,CY0327,5269.36231884058,0.1094921874999999,4.500169603124999
382,CY0327,5397.115942028986,0.133267716535433,5.377164198031497
383,CY0327,5524.869565217391,0.12634241245136174,3.514123568093387
384,CY0327,5652.623188405797,0.10738281249999994,4.59918859921875
385,CY0327,5780.376811594203,0.10289062500000008,4.42406422734375
386,CY0327,5908.130434782609,0.13452755905511815,3.817264983858268
387,CY0327,6035.884057971014,0.14637065637065647,2.216414964864868
388,CY0327,6163.63768115942,0.26796875,3.8013963074218737
389,CY0327,6291.391304347826,0.136640625,7.604193601562497
390,CY0327,6419.144927536232,0.11307086614173228,4.777635088976377
391,CY0327,6546.898550724638,0.32563218390804594,3.940126619157091
392,CY0327,6674.652173913043,0.240813953488372,5.594119594186049
393,CY0327,6802.405797101449,0.26372623574144494,4.212580553612168
394,CY0327,6930.159420289855,0.16027559055118115,3.6432798602362215
395,CY0327,7057.913043478261,0.15593750000000006,3.6603560117187484
396,CY0327,7185.666666666667,0.23507812500000017,4.1348936332031245
397,CY0327,7313.420289855072,0.25203125000000004,5.519220380078126
398,CY0327,7441.173913043478,0.17255905511811023,2.1433854145669287
399,CY0327,7568.927536231884,0.33914062499999986,2.384652271484375
400,CY0327,7696.68115942029,0.15218750000000003,4.075879839062498
401,CY0327,7824.434782608696,0.15273437500000014,3.9171151410156244
402,CY0327,7952.188405797101,0.11511811023622036,3.2137060464566924
403,CY0327,8079.942028985507,0.129296875,4.71295700195312
404,CY0327,8207.695652173912,0.19140625,2.3485348691406247
405,CY0327,8335.44927536232,0.15914062499999995,5.886807205468745
406,CY0327,8463.202898550724,0.13271653543307088,1.9756866744094497
407,CY0327,8590.95652173913,0.13222656249999998,2.6037819687500012
408,CY0327,8718.710144927536,0.15121093750000003,2.9461128472656246
409,CY0327,8846.463768115942,0.20746093749999997,2.5202924613281232
410,CY0327,8974.217391304348,0.1978515625,4.107974547265628
411,CY0327,9101.971014492754,1.3758455882352953,1.902346619117646
412,CY0327,9229.72463768116,0.25620689655172413,2.1289774053639854
413,CY0327,9357.478260869564,0.1795752895752895,3.3988120254826253
414,CY0327,9485.231884057972,1.0450393700787397,5.608842151574805
415,CY0327,9612.985507246376,1.1131906614786,5.564240813618682
416,CY0327,9740.739130434782,0.14433593749999996,2.9748943031249984
417,CY0327,9868.492753623188,0.14316406249999988,2.8693211640625
418,CY0327,9996.246376811594,0.11854330708661415,1.9774190216535428
419,CY0327,10124.0,0.205,4.850745
420,CY0328,1309.0,0.18894531250000002,6.946501015624999
421,CY0328,1436.7536231884058,0.6083203125,7.039082589843753
422,CY0328,1564.5072463768115,0.15031250000000002,3.2959226406249997
423,CY0328,1692.2608695652175,0.10484374999999999,4.508497429687503
424,CY0328,1820.0144927536232,0.12708661417322842,4.22411842913386
425,CY0328,1947.768115942029,0.2339453125000002,3.0157018828125004
426,CY0328,2075.521739130435,0.1028125,5.558362035156252
427,CY0328,2203.2753623188405,0.1032421875,3.890998273437502
428,CY0328,2331.0289855072465,0.13338582677165353,6.124564185039373
429,CY0328,2458.782608695652,0.6733204633204637,5.074839474903474
430,CY0328,2586.536231884058,0.19877862595419832,6.030188389312977
431,CY0328,2714.289855072464,0.3423863636363636,2.427222378787878
432,CY0328,2842.0434782608695,0.23271653543307091,4.390109307086617
433,CY0328,2969.797101449275,0.14789062499999994,6.729245878906246
434,CY0328,3097.550724637681,0.16414062499999998,6.246589667968748
435,CY0328,3225.304347826087,0.18367187499999993,6.805018238281249
436,CY0328,3353.057971014493,0.1974015748031495,4.238497929133857
437,CY0328,3480.8115942028985,0.1671484374999999,3.353601417187501
438,CY0328,3608.5652173913045,0.10773437500000006,1.90548501875
439,CY0328,3736.31884057971,0.12058593749999999,5.415086225390624
440,CY0328,3864.072463768116,0.2005905511811023,5.433786229527561
441,CY0328,3991.8260869565215,0.15585937500000013,3.3457633789062515
442,CY0328,4119.579710144928,0.2761328125000002,5.082805764062505
443,CY0328,4247.333333333334,0.18749999999999994,2.8837129101562495
444,CY0328,4375.086956521739,0.13759842519685034,4.6585781496063
445,CY0328,4502.840579710145,0.1481640625000003,2.348058184375
446,CY0328,4630.59420289855,0.10511718750000006,3.4847378976562484
447,CY0328,4758.347826086956,0.1908984375000001,2.884403784375
448,CY0328,4886.101449275362,0.15960629921259842,3.98920711456693
449,CY0328,5013.855072463768,0.09273437500000002,1.5279915941406241
450,CY0328,5141.608695652174,0.22011718750000006,3.720931511718747
451,CY0328,5269.36231884058,0.11222656250000002,4.054858535156251
452,CY0328,5397.115942028986,0.12763779527559058,5.563170452755904
453,CY0328,5524.869565217391,0.18763565891472875,3.2426446085271317
454,CY0328,5652.623188405797,0.07757812500000003,3.914521300781249
455,CY0328,5780.376811594203,0.13859374999999996,3.849566835937498
456,CY0328,5908.130434782609,0.10716535433070869,3.5360713937007877
457,CY0328,6035.884057971014,0.158953488372093,1.9292735775193801
458,CY0328,6163.63768115942,0.09214007782101168,3.6870746459143957
459,CY0328,6291.391304347826,0.10386718750000001,7.257575910156249
460,CY0328,6419.144927536232,0.37200787401574814,3.896419019685042
461,CY0328,6546.898550724638,0.8790000000000002,3.6412474499999994
462,CY0328,6674.652173913043,0.23724806201550377,5.275036116279072
463,CY0328,6802.405797101449,0.18389961389961368,3.692265393822396
464,CY0328,6930.159420289855,0.673607843137255,3.5179234117647074
465,CY0328,7057.913043478261,0.16367187500000008,2.972484890625
466,CY0328,7185.666666666667,0.19921874999999986,3.500235562500001
467,CY0328,7313.420289855072,0.3207421875,5.37368512109375
468,CY0328,7441.173913043478,0.28421259842519686,2.0693154330708645
469,CY0328,7568.927536231884,0.09378906250000006,2.136362812109374
470,CY0328,7696.68115942029,0.26550781250000016,3.7429291078125004
471,CY0328,7824.434782608696,0.25632812500000013,3.518126612109373
472,CY0328,7952.188405797101,0.2362992125984249,2.741895716141732
473,CY0328,8079.942028985507,0.15101562499999976,4.392829549609376
474,CY0328,8207.695652173912,0.14933593749999996,2.1120052515625005
475,CY0328,8335.44927536232,0.26988281249999996,4.6779042265625
476,CY0328,8463.202898550724,0.11543307086614175,1.5589140551181109
477,CY0328,8590.95652173913,0.17078125000000005,2.236175031250001
478,CY0328,8718.710144927536,0.19808593750000014,2.4228707109375014
479,CY0328,8846.463768115942,0.3514062499999999,2.262343902343753
480,CY0328,8974.217391304348,0.22093023255813954,3.7966862635658907
481,CY0328,9101.971014492754,2.3276449275362325,2.144320663043481
482,CY0328,9229.72463768116,0.4943678160919541,1.993266840996169
483,CY0328,9357.478260869564,0.28458015267175574,3.0862063091603065
484,CY0328,9485.231884057972,1.1172941176470592,5.273113239215686
485,CY0328,9612.985507246376,1.2923076923076928,4.762727965384612
486,CY0328,9740.739130434782,0.10273437499999999,2.659362734375
487,CY0328,9868.492753623188,0.08429687500000005,1.9736308554687496
488,CY0328,9996.246376811594,0.12901574803149604,1.786942224409449
489,CY0328,10124.0,0.0,2.583335
490,CY0329,1309.0,0.226015625,6.830080914062503
491,CY0329,1436.7536231884058,0.9368604651162794,7.6544836705426365
492,CY0329,1564.5072463768115,0.17898437499999995,3.18254921875
493,CY0329,1692.2608695652175,0.1251953125,4.099983292968749
494,CY0329,1820.0144927536232,0.13854330708661408,3.2820996889763796
495,CY0329,1947.768115942029,0.13265625,2.274105753906249
496,CY0329,2075.521739130435,0.1493359375,4.19923851171875
497,CY0329,2203.2753623188405,0.15749999999999992,3.260219726562501
498,CY0329,2331.0289855072465,0.23133858267716548,5.794976692913387
499,CY0329,2458.782608695652,0.7707251908396943,3.638926389312977
500,CY0329,2586.536231884058,0.3862453531598513,6.1598713828996265
501,CY0329,2714.289855072464,0.5227586206896551,2.727765681992338
502,CY0329,2842.0434782608695,0.18559055118110246,3.531789098425198
503,CY0329,2969.797101449275,0.2903125000000001,5.452300929687501
504,CY0329,3097.550724637681,0.16195312500000006,5.941719312499999
505,CY0329,3225.304347826087,0.17468750000000013,6.8339419722656185
506,CY0329,3353.057971014493,0.2843700787401578,4.125569960236221
507,CY0329,3480.8115942028985,0.1288281249999999,3.2882271605468754
508,CY0329,3608.5652173913045,0.1410937499999999,1.7604695363281246
509,CY0329,3736.31884057971,0.15015625,4.609461227343746
510,CY0329,3864.072463768116,0.18543307086614175,5.2461340188976395
511,CY0329,3991.8260869565215,0.16257812500000016,3.331804155468747
512,CY0329,4119.579710144928,0.18445312500000038,4.169232321093749
513,CY0329,4247.333333333334,0.15554687500000008,2.431787323828123
514,CY0329,4375.086956521739,0.16240157480314962,5.141963880314958
515,CY0329,4502.840579710145,0.13316406249999987,2.3243059621093756
516,CY0329,4630.59420289855,0.1250781249999999,3.3270349257812493
517,CY0329,4758.347826086956,0.17765624999999988,2.4022955789062514
518,CY0329,4886.101449275362,0.14598425196850395,4.161919871653542
519,CY0329,5013.855072463768,0.14453124999999997,1.6604714460937497
520,CY0329,5141.608695652174,0.13503906250000006,3.437203007812501
521,CY0329,5269.36231884058,0.14960937500000002,3.9028999765625003
522,CY0329,5397.115942028986,0.15696850393700798,5.459542653543303
523,CY0329,5524.869565217391,0.1223938223938224,2.6417041467181464
524,CY0329,5652.623188405797,0.13296875,2.9248149414062516
525,CY0329,5780.376811594203,0.152109375,3.582076425781249
526,CY0329,5908.130434782609,0.14531496062992127,2.945506976377954
527,CY0329,6035.884057971014,0.17291828793774305,1.9130356653696485
528,CY0329,6163.63768115942,0.16193050193050196,2.862118254826258
529,CY0329,6291.391304347826,0.16003906250000002,6.246394847656255
530,CY0329,6419.144927536232,0.15322834645669295,3.3407735594488206
531,CY0329,6546.898550724638,0.9358426966292134,3.296782497003746
532,CY0329,6674.652173913043,0.15081712062256805,4.921319175097277
533,CY0329,6802.405797101449,0.22599236641221382,3.259233817938931
534,CY0329,6930.159420289855,0.5286274509803919,2.582375083921567
535,CY0329,7057.913043478261,0.4218749999999997,2.5579928242187506
536,CY0329,7185.666666666667,0.20210937500000017,3.3185528687499977
537,CY0329,7313.420289855072,0.23308593749999987,5.260001250000002
538,CY0329,7441.173913043478,0.40960629921259833,1.366653984251968
539,CY0329,7568.927536231884,0.144921875,1.7124742027343747
540,CY0329,7696.68115942029,0.29617187500000014,3.3862084749999983
541,CY0329,7824.434782608696,0.16039062499999998,3.0315004171875
542,CY0329,7952.188405797101,0.16444881889763796,2.3150707480314963
543,CY0329,8079.942028985507,0.1912109375000001,4.157245540234375
544,CY0329,8207.695652173912,0.18359374999999997,2.004141813671875
545,CY0329,8335.44927536232,0.18855468749999996,4.872846250781252
546,CY0329,8463.202898550724,0.1836470588235295,1.590746701960784
547,CY0329,8590.95652173913,0.1621874999999999,2.0445969246093756
548,CY0329,8718.710144927536,0.2659765624999999,2.56099863671875
549,CY0329,8846.463768115942,0.2170312499999999,1.8620761605468745
550,CY0329,8974.217391304348,0.12850393700787408,3.3182512992125965
551,CY0329,9101.971014492754,1.2527238805970156,1.6452757604477621
552,CY0329,9229.72463768116,1.0674349442379178,1.8230423639405198
553,CY0329,9357.478260869564,0.23231660231660212,2.3536100115830094
554,CY0329,9485.231884057972,1.462117647058825,4.291540112156864
555,CY0329,9612.985507246376,0.9600781250000002,4.412271448828126
556,CY0329,9740.739130434782,0.14218749999999994,2.2139334167968743
557,CY0329,9868.492753623188,0.21521400778210117,2.0617627210116747
558,CY0329,9996.246376811594,0.17535433070866147,1.9801175078740152
559,CY0329,10124.0,0.0,2.7177000000000002
560,CY0332,1309.0,0.31816406249999996,7.61696037109375
561,CY0332,1436.7536231884058,2.2344061302681983,7.634029085440611
562,CY0332,1564.5072463768115,0.13871093750000002,3.9241109515624997
563,CY0332,1692.2608695652175,0.12046875,4.951430600781253
564,CY0332,1820.0144927536232,0.10917322834645675,3.9280179594488187
565,CY0332,1947.768115942029,0.1344140625,2.8504116066406233
566,CY0332,2075.521739130435,0.18527343749999997,5.15264773828125
567,CY0332,2203.2753623188405,0.14960937500000007,4.7196136953125
568,CY0332,2331.0289855072465,0.12503937007874025,6.550014444881887
569,CY0332,2458.782608695652,0.5302702702702703,5.105556393822393
570,CY0332,2586.536231884058,0.12472656249999997,6.667270476562498
571,CY0332,2714.289855072464,0.2267829457364343,3.6253180658914705
572,CY0332,2842.0434782608695,0.18220472440944918,4.972210627952755
573,CY0332,2969.797101449275,0.1428125,6.9199030585937455
574,CY0332,3097.550724637681,0.13320312499999995,6.69694242578125
575,CY0332,3225.304347826087,0.1859765625000001,7.833650573828122
576,CY0332,3353.057971014493,0.24960629921259847,4.51504831496063
577,CY0332,3480.8115942028985,0.14472656249999993,4.28150725234375
578,CY0332,3608.5652173913045,0.13835937500000003,2.7899713757812505
579,CY0332,3736.31884057971,0.14394531250000006,5.915027186328128
580,CY0332,3864.072463768116,0.18964566929133855,5.794454642913385
581,CY0332,3991.8260869565215,0.27804687500000014,3.8723482562500022
582,CY0332,4119.579710144928,0.219140625,5.9610552136718775
583,CY0332,4247.333333333334,0.20039062500000013,3.55947573046875
584,CY0332,4375.086956521739,0.12488188976377954,5.475177907874014
585,CY0332,4502.840579710145,0.12742187500000005,3.099251631640623
586,CY0332,4630.59420289855,0.1350390625,4.401785187890627
587,CY0332,4758.347826086956,0.14011718750000005,3.538944515234374
588,CY0332,4886.101449275362,0.1304330708661418,4.511088211417324
589,CY0332,5013.855072463768,0.1152734375,2.114282859375
590,CY0332,5141.608695652174,0.1541015625,4.412501613671877
591,CY0332,5269.36231884058,0.13062500000000013,4.559249451171874
592,CY0332,5397.115942028986,0.14448818897637805,5.504511515748034
593,CY0332,5524.869565217391,0.10390625000000003,3.794219867578127
594,CY0332,5652.623188405797,0.09480468749999994,4.545358897265623
595,CY0332,5780.376811594203,0.125546875,4.509831468750003
596,CY0332,5908.130434782609,0.1272047244094488,4.026092582677166
597,CY0332,6035.884057971014,0.3035271317829456,2.4150366248062003
598,CY0332,6163.63768115942,0.12490272373540856,4.422739614785998
599,CY0332,6291.391304347826,0.24410156250000004,7.024083984375001
600,CY0332,6419.144927536232,0.14885826771653538,4.7683034787401555
601,CY0332,6546.898550724638,0.14221789883268487,4.236588593774317
602,CY0332,6674.652173913043,0.14050387596899228,5.714833258914726
603,CY0332,6802.405797101449,0.7078846153846149,3.8840399180769225
604,CY0332,6930.159420289855,0.5177559055118109,4.254520570866141
605,CY0332,7057.913043478261,0.22132812499999988,4.163727912500001
606,CY0332,7185.666666666667,0.15199218749999996,4.107477832421875
607,CY0332,7313.420289855072,0.2894140625000001,5.8958061175781245
608,CY0332,7441.173913043478,0.1375984251968505,2.330562947637795
609,CY0332,7568.927536231884,0.12855468749999996,2.422117119921875
610,CY0332,7696.68115942029,0.12285156249999998,4.345211276953129
611,CY0332,7824.434782608696,0.15523437500000004,3.8446537992187473
612,CY0332,7952.188405797101,0.1289763779527557,3.137158679133858
613,CY0332,8079.942028985507,0.16632812499999985,4.837443753515624
614,CY0332,8207.695652173912,0.14464843749999973,2.712753495703125
615,CY0332,8335.44927536232,0.25171875000000005,5.4000972527343745
616,CY0332,8463.202898550724,0.2104724409448821,1.9878005980314963
617,CY0332,8590.95652173913,0.12851562499999997,2.8540541324218736
618,CY0332,8718.710144927536,0.17667968750000013,3.2399598226562527
619,CY0332,8846.463768115942,0.5269531250000008,2.8969380031250007
620,CY0332,8974.217391304348,0.15101562500000026,4.236008503906249
621,CY0332,9101.971014492754,1.689127272727273,2.0277383781818172
622,CY0332,9229.72463768116,0.9316603773584908,2.2076331856603777
623,CY0332,9357.478260869564,0.44788461538461566,3.363972957692307
624,CY0332,9485.231884057972,1.045157480314961,5.443626152755905
625,CY0332,9612.985507246376,0.9112062256809332,5.454638240856029
626,CY0332,9740.739130434782,0.1214843749999999,3.262785881249998
627,CY0332,9868.492753623188,0.4926562499999996,2.9600122332031265
628,CY0332,9996.246376811594,0.12145669291338577,2.2248877874015736
629,CY0332,10124.0,0.0,5.57734
630,CY0333,1309.0,0.5471484375000003,7.009010281250002
631,CY0333,1436.7536231884058,1.2456976744186046,7.060159735658919
632,CY0333,1564.5072463768115,0.1502734375,4.017505918749999
633,CY0333,1692.2608695652175,0.12449218749999985,4.821051737890625
634,CY0333,1820.0144927536232,0.11578740157480309,4.086038957086615
635,CY0333,1947.768115942029,0.15359375000000003,3.0047872527343764
636,CY0333,2075.521739130435,0.20613281249999987,5.260705428906249
637,CY0333,2203.2753623188405,0.17015624999999998,4.432735507421878
638,CY0333,2331.0289855072465,0.3667716535433073,6.399384267716529
639,CY0333,2458.782608695652,0.844573643410853,4.817547628294573
640,CY0333,2586.536231884058,0.17328185328185314,6.6120820382239405
641,CY0333,2714.289855072464,0.2787984496124024,3.495549248837208
642,CY0333,2842.0434782608695,0.1255511811023621,4.836151498031499
643,CY0333,2969.797101449275,0.1368749999999999,7.217302769140627
644,CY0333,3097.550724637681,0.16707031249999998,7.249518323828122
645,CY0333,3225.304347826087,0.15507812500000007,7.981995038671876
646,CY0333,3353.057971014493,0.2823622047244093,4.440453000393701
647,CY0333,3480.8115942028985,0.13085937499999997,4.053726679296876
648,CY0333,3608.5652173913045,0.13437499999999974,2.6161389332031257
649,CY0333,3736.31884057971,0.22351562499999997,5.748455554296878
650,CY0333,3864.072463768116,0.16653543307086613,5.97954273779528
651,CY0333,3991.8260869565215,0.2343750000000003,3.5462751109374997
652,CY0333,4119.579710144928,0.17656249999999998,5.756602644921874
653,CY0333,4247.333333333334,0.1749218749999999,3.6470661914062514
654,CY0333,4375.086956521739,0.19496062992126,5.903683837007876
655,CY0333,4502.840579710145,0.1177343750000002,3.0907727957031246
656,CY0333,4630.59420289855,0.14250000000000007,4.4256834347656255
657,CY0333,4758.347826086956,0.1892968749999999,3.7109577265624987
658,CY0333,4886.101449275362,0.16893700787401575,4.832712479133859
659,CY0333,5013.855072463768,0.13882812500000002,2.5224926335937488
660,CY0333,5141.608695652174,0.1653125000000001,4.701887955078126
661,CY0333,5269.36231884058,0.09101562499999996,4.504295716015621
662,CY0333,5397.115942028986,0.1641176470588235,5.86687409019608
663,CY0333,5524.869565217391,0.11562499999999998,3.148930554687502
664,CY0333,5652.623188405797,0.15162790697674405,4.5299977430232525
665,CY0333,5780.376811594203,0.22101562499999983,4.493316941406246
666,CY0333,5908.130434782609,0.14673228346456688,3.931402133858265
667,CY0333,6035.884057971014,0.14003891050583658,2.2041006875486384
668,CY0333,6163.63768115942,0.25813229571984436,4.027535289883269
669,CY0333,6291.391304347826,0.1376953125,7.673860343750002
670,CY0333,6419.144927536232,0.15637795275590544,4.9199060996063
671,CY0333,6546.898550724638,0.1609266409266409,4.323564287258691
672,CY0333,6674.652173913043,0.570888030888031,5.640187054826257
673,CY0333,6802.405797101449,0.2598054474708171,4.11649015758755
674,CY0333,6930.159420289855,0.5085826771653541,3.812748622834647
675,CY0333,7057.913043478261,0.49269531249999976,3.8341988582031252
676,CY0333,7185.666666666667,0.17796874999999998,4.370630771093752
677,CY0333,7313.420289855072,0.28464843749999996,5.56302120078125
678,CY0333,7441.173913043478,0.154212598425197,2.048007276377954
679,CY0333,7568.927536231884,0.14437499999999986,2.378910558593753
680,CY0333,7696.68115942029,0.14738281249999993,4.24663553476562
681,CY0333,7824.434782608696,0.1374609375,3.811313841796878
682,CY0333,7952.188405797101,0.1683858267716537,3.3017419169291338
683,CY0333,8079.942028985507,0.13882812499999989,4.928958494140629
684,CY0333,8207.695652173912,0.1375390625,2.509924899999999
685,CY0333,8335.44927536232,0.18191406250000014,5.759801005859371
686,CY0333,8463.202898550724,0.14460629921259843,1.9342884259842517
687,CY0333,8590.95652173913,0.16972656249999993,2.8337258015624984
688,CY0333,8718.710144927536,0.4590234375,3.2215717062500007
689,CY0333,8846.463768115942,0.5103906249999999,2.8070054824218755
690,CY0333,8974.217391304348,0.15303149606299207,4.325688012992125
691,CY0333,9101.971014492754,1.7247388059701492,2.0630865436567136
692,CY0333,9229.72463768116,0.8647547169811323,2.207954421509434
693,CY0333,9357.478260869564,0.1941634241245135,3.445791471595332
694,CY0333,9485.231884057972,1.0331102362204725,5.628960872834648
695,CY0333,9612.985507246376,0.9574218749999994,5.586258630078127
696,CY0333,9740.739130434782,0.163203125,3.1433427523437514
697,CY0333,9868.492753623188,0.7145914396887159,2.8693606961089495
698,CY0333,9996.246376811594,0.26370078740157465,2.1369003582677157
699,CY0333,10124.0,0.0,6.611945
700,CY0334,1309.0,0.7149027237354083,7.836213443579764
701,CY0334,1436.7536231884058,1.1229729729729734,7.176501872586878
702,CY0334,1564.5072463768115,0.170390625,2.7517314414062506
703,CY0334,1692.2608695652175,0.11960937500000003,3.491326875
704,CY0334,1820.0144927536232,0.14488188976377947,2.5779030196850403
705,CY0334,1947.768115942029,0.19238281250000014,1.813680011718751
706,CY0334,2075.521739130435,0.18628906249999996,4.437003558593752
707,CY0334,2203.2753623188405,0.19539062500000004,3.119248945312501
708,CY0334,2331.0289855072465,0.1689763779527559,5.284137133858264
709,CY0334,2458.782608695652,0.9521374045801525,3.6610782519084
710,CY0334,2586.536231884058,0.20824427480916025,5.955558503816791
711,CY0334,2714.289855072464,0.32935606060606054,2.361087049242422
712,CY0334,2842.0434782608695,0.19519685039370077,3.7594181377952767
713,CY0334,2969.797101449275,0.16914062500000002,5.965296117187498
714,CY0334,3097.550724637681,0.15187500000000015,5.123928964843753
715,CY0334,3225.304347826087,0.2584374999999999,6.735318085937501
716,CY0334,3353.057971014493,0.27173228346456674,3.4363252322834645
717,CY0334,3480.8115942028985,0.15246093750000003,2.8082792109375
718,CY0334,3608.5652173913045,0.1795703125,1.4874485078124984
719,CY0334,3736.31884057971,0.1836718749999999,4.380361953125
720,CY0334,3864.072463768116,0.26748031496062996,4.753448456692911
721,CY0334,3991.8260869565215,0.19234374999999998,2.7075870703124982
722,CY0334,4119.579710144928,0.20906249999999996,4.149530550781253
723,CY0334,4247.333333333334,0.27703124999999995,2.8055376875000007
724,CY0334,4375.086956521739,0.1304724409448819,4.449168413385826
725,CY0334,4502.840579710145,0.15003906250000001,2.069694378906249
726,CY0334,4630.59420289855,0.18058593750000004,3.26801975390625
727,CY0334,4758.347826086956,0.25433593750000016,2.568741183593749
728,CY0334,4886.101449275362,0.1867716535433071,3.640417956692916
729,CY0334,5013.855072463768,0.20062500000000014,1.3494118320312511
730,CY0334,5141.608695652174,0.22097656250000017,3.074504074218753
731,CY0334,5269.36231884058,0.13136718750000007,3.222045683593749
732,CY0334,5397.115942028986,0.22299212598425203,4.960893850393701
733,CY0334,5524.869565217391,0.0897265625,2.2104232460937507
734,CY0334,5652.623188405797,0.060078124999999996,2.9730006406250005
735,CY0334,5780.376811594203,0.09449218749999999,3.5636834375000017
736,CY0334,5908.130434782609,0.21843137254901962,2.7732562980392155
737,CY0334,6035.884057971014,0.26492424242424234,1.5736928939393946
738,CY0334,6163.63768115942,0.14918918918918922,2.9576610849420844
739,CY0334,6291.391304347826,0.14648437499999997,6.582461847656248
740,CY0334,6419.144927536232,0.16185039370078744,3.316588366141731
741,CY0334,6546.898550724638,0.14922779922779922,2.952390579150579
742,CY0334,6674.652173913043,0.20099999999999996,4.908039976923073
743,CY0334,6802.405797101449,0.2619305019305019,2.600881610038611
744,CY0334,6930.159420289855,0.5654901960784312,2.542293168627453
745,CY0334,7057.913043478261,0.5659765624999998,2.4261125898437483
746,CY0334,7185.666666666667,0.1675,2.8368264687499996
747,CY0334,7313.420289855072,0.22253906250000002,4.919145667968752
748,CY0334,7441.173913043478,0.2470866141732281,1.1621395039370075
749,CY0334,7568.927536231884,0.18843749999999998,1.4474573124999999
750,CY0334,7696.68115942029,0.15171874999999996,2.61292878515625
751,CY0334,7824.434782608696,0.163828125,2.964467117187501
752,CY0334,7952.188405797101,0.14196850393700794,2.0987539972440943
753,CY0334,8079.942028985507,0.15878906250000005,3.791875116796875
754,CY0334,8207.695652173912,0.21617187499999999,1.6769035062500006
755,CY0334,8335.44927536232,0.14519531250000006,4.282164765234374
756,CY0334,8463.202898550724,0.12645669291338588,1.003633822834646
757,CY0334,8590.95652173913,0.14734375000000002,1.6158847621093748
758,CY0334,8718.710144927536,0.13707031249999985,2.0701964582031245
759,CY0334,8846.463768115942,0.18566406249999998,1.3548821644531241
760,CY0334,8974.217391304348,0.21207031249999989,3.1265266011718755
761,CY0334,9101.971014492754,1.8541281138790022,1.1313024960854103
762,CY0334,9229.72463768116,0.6870833333333345,1.2545910174242432
763,CY0334,9357.478260869564,0.25822641509433975,2.627066526792455
764,CY0334,9485.231884057972,1.1867843137254908,4.237461447058827
765,CY0334,9612.985507246376,1.5541472868217057,4.359254348837209
766,CY0334,9740.739130434782,0.12175781250000012,2.2554601953124984
767,CY0334,9868.492753623188,0.3232812500000002,1.494579589843749
768,CY0334,9996.246376811594,0.185748031496063,1.5332604842519684
769,CY0334,10124.0,0.0,3.47069
770,CY0335,1309.0,0.2807392996108949,6.38939022178988
771,CY0335,1436.7536231884058,1.495615384615385,7.40284536153846
772,CY0335,1564.5072463768115,0.2619844357976654,2.9547093657587538
773,CY0335,1692.2608695652175,0.16988281249999998,3.785267566406251
774,CY0335,1820.0144927536232,0.21688976377952754,2.573661456692913
775,CY0335,1947.768115942029,0.22644531249999988,1.8765928945312498
776,CY0335,2075.521739130435,0.26363281250000004,3.4850107734375007
777,CY0335,2203.2753623188405,0.1708593749999998,3.838074179687498
778,CY0335,2331.0289855072465,0.19125984251968506,5.659281948818901
779,CY0335,2458.782608695652,1.1457358490566039,4.203566173584902
780,CY0335,2586.536231884058,0.41330827067669174,5.943150563909773
781,CY0335,2714.289855072464,0.3208921933085503,2.0776218661710044
782,CY0335,2842.0434782608695,0.19944881889763774,3.8083464133858276
783,CY0335,2969.797101449275,0.1340234375,5.145108855468752
784,CY0335,3097.550724637681,0.14597656250000007,4.940860316406254
785,CY0335,3225.304347826087,0.17824218750000004,6.4876876640625
786,CY0335,3353.057971014493,0.36759842519685043,3.978441700787403
787,CY0335,3480.8115942028985,0.20769531250000003,2.6495849492187515
788,CY0335,3608.5652173913045,0.16582031249999987,1.3453240820312498
789,CY0335,3736.31884057971,0.15070312500000005,4.5764136328125
790,CY0335,3864.072463768116,0.20232283464566925,5.062400795275588
791,CY0335,3991.8260869565215,0.15746093749999995,3.0611698554687505
792,CY0335,4119.579710144928,0.23738281250000004,4.230180863281252
793,CY0335,4247.333333333334,0.18656250000000005,2.1359054453125
794,CY0335,4375.086956521739,0.42850393700787404,4.064490366141733
795,CY0335,4502.840579710145,0.13355468750000002,2.1116006601562494
796,CY0335,4630.59420289855,0.10203124999999995,3.0786875625000003
797,CY0335,4758.347826086956,0.20187499999999997,2.367139359375
798,CY0335,4886.101449275362,0.19074803149606304,3.775384732283464
799,CY0335,5013.855072463768,0.1833593749999999,1.232714421874999
800,CY0335,5141.608695652174,0.1446484375,3.0148562539062516
801,CY0335,5269.36231884058,0.12164062499999997,3.2776622734375027
802,CY0335,5397.115942028986,0.1348031496062992,5.232569972440944
803,CY0335,5524.869565217391,0.09758754863813232,2.8052644241245135
804,CY0335,5652.623188405797,0.08675781249999999,3.688806062499999
805,CY0335,5780.376811594203,0.16683593750000003,2.898613539062501
806,CY0335,5908.130434782609,0.13074803149606296,2.32179609055118
807,CY0335,6035.884057971014,0.20159695817490494,1.3124249315589354
808,CY0335,6163.63768115942,0.3529118773946362,2.6253565095785447
809,CY0335,6291.391304347826,0.148203125,6.288185007812499
810,CY0335,6419.144927536232,0.11838582677165353,3.210525354330709
811,CY0335,6546.898550724638,0.34414448669201514,3.056421577946769
812,CY0335,6674.652173913043,0.1299609375,5.070182585937499
813,CY0335,6802.405797101449,0.27924242424242435,3.5772367992424243
814,CY0335,6930.159420289855,0.48885826771653557,3.196517500000002
815,CY0335,7057.913043478261,0.1424902723735408,3.190518809338521
816,CY0335,7185.666666666667,0.48148437499999985,2.982768839843751
817,CY0335,7313.420289855072,0.25941406250000004,4.9164898125
818,CY0335,7441.173913043478,0.3524803149606298,1.3795442165354332
819,CY0335,7568.927536231884,0.2310937499999999,1.2587378085937504
820,CY0335,7696.68115942029,0.3077734375,2.850090964843752
821,CY0335,7824.434782608696,0.2781250000000002,2.5469003898437497
822,CY0335,7952.188405797101,0.17185039370078734,2.003951651968505
823,CY0335,8079.942028985507,0.1675390624999999,3.8964540160156256
824,CY0335,8207.695652173912,0.2992187499999996,1.7234028527343759
825,CY0335,8335.44927536232,0.16972656250000007,4.4401122296874975
826,CY0335,8463.202898550724,0.12374015748031501,1.02338010984252
827,CY0335,8590.95652173913,0.1722265625000001,1.4172901812499994
828,CY0335,8718.710144927536,0.16902343750000018,2.0880319484375014
829,CY0335,8846.463768115942,0.23218750000000007,1.6427521390625004
830,CY0335,8974.217391304348,0.18271653543307081,3.4209468783464563
831,CY0335,9101.971014492754,1.6710714285714292,1.0581001757142863
832,CY0335,9229.72463768116,0.9976492537313439,1.2605971865671644
833,CY0335,9357.478260869564,0.36380597014925387,2.4943543768656724
834,CY0335,9485.231884057972,1.08484375,4.479533187500001
835,CY0335,9612.985507246376,0.9851171875000002,4.003404757812501
836,CY0335,9740.739130434782,0.11113281250000002,1.819210699218751
837,CY0335,9868.492753623188,0.5626848249027241,1.6897760077821016
838,CY0335,9996.246376811594,0.21196078431372553,1.3753099921568634
839,CY0335,10124.0,0.0,3.5591385
